{
  "project_info": {
    "project_number": "782253325998",
    "project_id": "rona-8f39d",
    "storage_bucket": "rona-8f39d.firebasestorage.app"
  },
  "client": [
    {
      "client_info": {
        "mobilesdk_app_id": "1:782253325998:android:9bb1b2823e05105a76373f",
        "android_client_info": {
          "package_name": "com.blurr.voice"
        }
      },
      "oauth_client": [],
      "api_key": [
        {
          "current_key": "AIzaSyC2dT3eCQgaZHcBRk_G5azAU5Cm-sY3a4g"
        }
      ],
      "services": {
        "appinvite_service": {
          "other_platform_oauth_client": []
        }
      }
    }
  ],
  "configuration_version": "1"
}